name,website,license,country
Bet365,https://www.bet365.com,Malta Gaming Authority,Malta
William Hill,https://www.williamhill.com,UK Gambling Commission,United Kingdom
888 Casino,https://www.888casino.com,Gibraltar Gambling Commission,Gibraltar
Unibet,https://www.unibet.com,Malta Gaming Authority,Malta
Paddy Power,https://www.paddypower.com,UK Gambling Commission,United Kingdom
Betfair,https://www.betfair.com,Malta Gaming Authority,Malta
LeoVegas,https://www.leovegas.com,Malta Gaming Authority,Malta
Casumo,https://www.casumo.com,Malta Gaming Authority,Malta
Mr Green,https://www.mrgreen.com,Malta Gaming Authority,Malta
Betway,https://www.betway.com,Malta Gaming Authority,Malta
PokerStars,https://www.pokerstars.com,Malta Gaming Authority,Malta
PartyPoker,https://www.partypoker.com,Gibraltar Gambling Commission,Gibraltar
Ladbrokes,https://www.ladbrokes.com,UK Gambling Commission,United Kingdom
Coral,https://www.coral.co.uk,UK Gambling Commission,United Kingdom
Sky Bet,https://www.skybet.com,UK Gambling Commission,United Kingdom
Bwin,https://www.bwin.com,Gibraltar Gambling Commission,Gibraltar
Pokerstars Casino,https://www.pokerstarscasino.com,Malta Gaming Authority,Malta
Genting Casino,https://www.gentingcasino.com,UK Gambling Commission,United Kingdom
Virgin Games,https://www.virgingames.com,UK Gambling Commission,United Kingdom
Grosvenor Casinos,https://www.grosvenorcasinos.com,UK Gambling Commission,United Kingdom
